Rank,Name,Revenues ($M),Revenue Percent Change,Profits ($M),Profits Percent Change,Assets ($M),Employees
1,Walmart,514405.0,2.8,6670.0,-32.4,219295.0,2200000
2,Exxon Mobil,290212.0,18.8,20840.0,5.7,346196.0,71000
3,Apple,265595.0,15.9,59531.0,23.1,365725.0,132000
4,Berkshire Hathaway,247837.0,2.4,4021.0,-91.1,707794.0,389000
5,Amazon.com,232887.0,30.9,10073.0,232.1,162648.0,647500
6,UnitedHealth Group,226247.0,12.5,11986.0,13.5,152221.0,300000
7,McKesson,208357.0,4.9,67.0,-98.7,60381.0,68000
8,CVS Health,194579.0,5.3,-594.0,-109.0,196456.0,295000
9,AT&T,170756.0,6.4,19370.0,-34.2,531864.0,268220
10,AmerisourceBergen,167939.6,9.7,1658.4,355.0,37669.8,20500
11,Chevron,166339.0,23.6,14824.0,61.2,253863.0,48600
12,Ford Motor,160338.0,2.3,3677.0,-51.6,256540.0,199000
13,General Motors,147049.0,-6.5,8014.0,-,227339.0,173000
14,Costco Wholesale,141576.0,9.7,3134.0,17.0,40830.0,194000
15,Alphabet,136819.0,23.4,30736.0,142.7,232792.0,98771
16,Cardinal Health,136809.0,5.3,256.0,-80.1,39951.0,50200
17,Walgreens Boots Alliance,131537.0,11.3,5024.0,23.2,68124.0,299000
18,JPMorgan Chase,131412.0,15.4,32474.0,32.9,2622532.0,256105
19,Verizon Communications,130863.0,3.8,15528.0,-48.4,264829.0,144500
20,Kroger,121162.0,-1.2,3110.0,63.1,38118.0,453000
21,General Electric,120268.0,-1.6,-22355.0,-,309129.0,283000
22,Fannie Mae,120101.0,6.9,15959.0,547.9,3418318.0,7400
23,Phillips 66,114217.0,24.7,5595.0,9.6,54302.0,14200
24,Valero Energy,111407.0,26.0,3122.0,-23.2,50155.0,10261
25,Bank of America,110584.0,10.3,28147.0,54.4,2354507.0,204489
26,Microsoft,110360.0,22.7,16571.0,-21.8,258848.0,131000
27,Home Depot,108203.0,7.2,11121.0,28.9,44003.0,413000
28,Boeing,101127.0,8.3,10460.0,27.6,117359.0,153000
29,Wells Fargo,101060.0,3.4,22393.0,0.9,1895883.0,258700
30,Citigroup,97120.0,10.4,18045.0,-,1917383.0,204000
31,Marathon Petroleum,97102.0,43.6,2780.0,-19.0,92940.0,60350
32,Comcast,94507.0,11.8,11731.0,-48.4,251684.0,184000
33,Anthem,92105.0,2.3,3750.0,-2.4,71571.0,63900
34,Dell Technologies,90621.0,15.2,-2310.0,-,111820.0,157000
35,DuPont de Nemours,85977.0,37.2,3844.0,163.3,188030.0,98000
36,State Farm Insurance,81732.2,4.3,8788.4,298.3,272518.4,56788
37,Johnson & Johnson,81581.0,6.7,15297.0,1076.7,152954.0,135100
38,IBM,79591.0,0.6,8728.0,51.7,123382.0,381100
39,Target,75356.0,4.8,2937.0,0.1,41290.0,360000
40,Freddie Mac,73598.0,-1.4,9235.0,64.2,2063060.0,6621
41,United Parcel Service,71861.0,9.1,4791.0,-2.4,50016.0,364575
42,Lowe's,71309.0,3.9,2314.0,-32.9,34508.0,245000
43,Intel,70848.0,12.9,21053.0,119.3,127963.0,107400
44,MetLife,67941.0,2.7,5123.0,27.8,687538.0,48000
45,Procter & Gamble,66832.0,0.9,9750.0,-36.4,118310.0,92000
46,United Technologies,66501.0,11.1,5269.0,15.8,134211.0,240200
47,FedEx,65450.0,8.5,4572.0,52.6,52330.0,359000
48,PepsiCo,64661.0,1.8,12515.0,157.7,77648.0,267000
49,Archer Daniels Midland,64341.0,5.8,1810.0,13.5,40833.0,31600
50,Prudential Financial,62992.0,5.5,4074.0,-48.2,815078.0,50492
51,Centene,60116.0,23.8,900.0,8.7,30901.0,47300
52,Albertsons,59924.6,0.4,46.3,-,21812.3,275000
53,Walt Disney,59434.0,7.8,12598.0,40.3,98598.0,201000
54,Sysco,58727.3,6.1,1430.8,25.2,18070.4,67000
55,HP,58472.0,12.3,5327.0,110.9,34622.0,55000
56,Humana,56912.0,5.8,1683.0,-31.3,25413.0,41600
57,Facebook,55838.0,37.4,22112.0,38.8,97334.0,35587
58,Caterpillar,54722.0,20.4,6147.0,715.3,78509.0,104000
59,Energy Transfer,54436.0,14.6,1694.0,77.6,88246.0,11768
60,Lockheed Martin,53762.0,5.3,5046.0,152.0,44876.0,105000
61,Pfizer,53647.0,2.1,11153.0,-47.7,159422.0,92400
62,Goldman Sachs Group,52528.0,24.3,10459.0,144.0,931796.0,36600
63,Morgan Stanley,50193.0,15.0,8748.0,43.2,853531.0,60348
64,Cisco Systems,49330.0,2.8,110.0,-98.9,108784.0,74200
65,Cigna,48650.0,16.9,2637.0,17.9,153226.0,73800
66,AIG,47389.0,-4.3,-6.0,-,491984.0,49600
67,HCA Healthcare,46677.0,-2.0,3787.0,70.9,39207.0,229000
68,American Airlines Group,44541.0,5.5,1412.0,-26.4,60580.0,128900
69,Delta Air Lines,44438.0,7.7,3935.0,10.0,60266.0,88680
70,Charter Communications,43634.0,4.9,1230.0,-87.6,146130.0,98000
71,New York Life Insurance,43425.3,2.7,880.0,-52.9,311449.3,11388
72,American Express,43281.0,21.6,6921.0,153.0,188602.0,59000
73,Nationwide,43270.0,-1.5,512.6,107.9,214141.9,30472
74,Best Buy,42879.0,1.7,1464.0,46.4,12901.0,125000
75,Liberty Mutual Insurance Group,42685.0,-0.0,2160.0,12605.9,125989.0,50000
76,Merck,42294.0,5.4,6220.0,159.8,82637.0,69000
77,Honeywell International,41802.0,3.1,6765.0,308.8,57773.0,114000
78,United Continental Holdings,41303.0,9.5,2129.0,-0.1,44792.0,92000
79,TIAA,41052.1,14.0,1560.5,48.7,568190.2,17643
80,Tyson Foods,40052.0,4.7,3024.0,70.5,29109.0,121000
81,Oracle,39831.0,5.6,3825.0,-59.0,137264.0,137000
82,Allstate,39815.0,3.4,2252.0,-29.4,112249.0,45420
83,World Fuel Services,39750.3,18.0,127.7,-,5676.9,5000
84,Massachusetts Mutual Life Insurance,39267.2,17.2,397.9,-22.4,265812.6,9844
85,TJX,38972.9,8.7,3059.8,17.3,14326.0,270000
86,ConocoPhillips,38727.0,18.9,6257.0,-,69980.0,10800
87,Deere,37357.7,25.6,2368.4,9.7,70108.0,74413
88,Tech Data,37239.0,1.3,340.6,192.0,12986.6,14000
89,Enterprise Products Partners,36534.2,24.9,4172.4,49.1,56969.8,7000
90,Nike,36397.0,6.0,1933.0,-54.4,22536.0,73100
91,Publix Super Markets,36395.7,4.5,2381.2,3.9,18982.5,202000
92,General Dynamics,36193.0,16.9,3345.0,14.9,45408.0,105600
93,Exelon,35985.0,7.3,2010.0,-46.7,119666.0,33383
94,Plains GP Holdings,34055.0,29.9,334.0,-,26830.0,4900
95,3M,32765.0,3.5,5349.0,10.1,36500.0,93516
96,AbbVie,32753.0,16.1,5687.0,7.1,59352.0,30000
97,CHS,32683.3,2.0,775.9,983.8,16381.2,10495
98,Capital One Financial,32377.0,7.9,6015.0,203.5,372538.0,47600
99,Progressive,31979.0,19.2,2615.3,64.3,46575.0,37346
100,Coca-Cola,31856.0,-10.0,6434.0,415.5,83216.0,62600
101,USAA,31367.8,4.5,2291.9,-5.4,158506.8,33689
102,Hewlett Packard Enterprise,30852.0,6.9,1908.0,454.7,55493.0,60000
103,Abbott Laboratories,30578.0,11.6,2368.0,396.4,67173.0,103000
104,Twenty-First Century Fox,30400.0,6.7,4464.0,51.2,53831.0,22400
105,Micron Technology,30391.0,49.5,14135.0,177.8,43376.0,36000
106,Travelers,30282.0,4.8,2523.0,22.7,104233.0,30400
107,Rite Aid,30215.4,-8.0,943.5,23178.3,8989.3,48410
108,Northrop Grumman,30095.0,16.6,3229.0,60.2,37653.0,85000
109,Arrow Electronics,29676.8,10.7,716.2,78.2,17784.4,20100
110,Philip Morris International,29625.0,3.1,7911.0,31.1,39801.0,77400
111,Northwestern Mutual,29124.0,-0.7,783.0,-23.0,272167.0,5870
112,INTL FCStone,27622.7,-6.1,55.5,767.2,7824.7,1701
113,PBF Energy,27186.1,24.8,128.3,-69.1,8005.4,3266
114,Raytheon,27058.0,6.7,2909.0,43.7,31864.0,67000
115,Kraft Heinz,26259.0,0.1,-10229.0,-193.0,103627.0,39000
116,Mondelez International,25938.0,0.2,3381.0,15.7,62729.0,80000
117,U.S. Bancorp,25775.0,7.4,7096.0,14.1,467374.0,75772
118,Macy's,25739.0,3.6,1108.0,-28.4,19194.0,130000
119,Dollar General,25625.0,9.2,1589.5,3.3,13204.0,135000
120,Nucor,25067.3,23.8,2360.8,79.0,17920.6,26300
121,Starbucks,24719.5,10.4,4518.3,56.6,24156.4,291000
122,DXC Technology,24556.0,222.8,1751.0,-,33921.0,150000
123,Eli Lilly,24555.7,7.4,3232.0,-,43908.4,38680
124,Thermo Fisher Scientific,24358.0,16.4,2938.0,32.0,56232.0,69200
125,US Foods Holding,24175.0,0.1,407.0,-8.4,9186.0,24900
126,Duke Energy,24116.0,4.0,2666.0,-12.8,145392.0,30083
127,Halliburton,23995.0,16.4,1656.0,-,25982.0,60000
128,Cummins,23771.0,16.4,2141.0,114.3,19062.0,62610
129,Amgen,23747.0,3.9,8394.0,324.2,66416.0,21500
130,Paccar,23495.7,20.8,2195.1,31.0,25482.4,28000
131,Southern,23495.0,2.0,2226.0,164.4,116914.0,30286
132,CenturyLink,23443.0,32.8,-1733.0,-224.8,70256.0,45000
133,International Paper,23306.0,0.0,2012.0,-6.2,33576.0,53000
134,Union Pacific,22832.0,7.5,5966.0,-44.3,59147.0,41967
135,Dollar Tree,22823.3,2.6,-1590.8,-192.8,13501.2,119650
136,Penske Automotive Group,22785.1,6.5,471.0,-23.2,10904.5,27000
137,Qualcomm,22732.0,2.0,-4864.0,-297.2,32686.0,35400
138,Bristol-Myers Squibb,22561.0,8.6,4920.0,388.6,34986.0,23300
139,Gilead Sciences,22127.0,-15.2,5455.0,17.9,63675.0,11000
140,Jabil,22095.4,15.9,86.3,-33.1,12045.6,199000
141,ManpowerGroup,21991.2,4.5,556.7,2.1,8519.8,30000
142,Southwest Airlines,21965.0,3.8,2465.0,-29.3,26243.0,58803
143,Aflac,21758.0,0.4,2920.0,-36.6,140406.0,11390
144,Tesla,21461.3,82.5,-976.1,-,29739.6,48817
145,AutoNation,21412.8,-0.6,396.0,-8.9,10665.1,26000
146,CBRE Group,21340.1,50.2,1063.2,53.8,13456.8,90000
147,Lear,21148.5,3.3,1149.8,-12.5,11600.7,169000
148,Whirlpool,21037.0,-1.0,-183.0,-152.3,18347.0,92000
149,McDonald's,21025.2,-7.9,5924.3,14.1,32811.2,210000
150,Broadcom,20848.0,18.1,12259.0,624.5,50124.0,15000
151,Marriott International,20758.0,-9.3,1907.0,39.0,23696.0,176000
152,Western Digital,20647.0,8.1,675.0,70.0,29235.0,71600
153,Visa,20609.0,12.3,10301.0,53.8,69225.0,17000
154,Lennar,20571.6,62.7,1695.8,109.2,28566.2,11626
155,WellCare Health Plans,20414.1,20.0,439.8,17.7,11764.7,12000
156,Kohl's,20229.0,5.9,801.0,-6.8,12469.0,81500
157,AECOM,20155.5,10.7,136.5,-59.8,14681.1,87000
158,Synnex,20053.8,17.6,300.6,-0.2,11480.4,231600
159,PNC Financial Services,19993.0,10.9,5301.0,-0.7,382315.0,51996
160,Danaher,19893.0,8.5,2650.9,6.4,47832.5,71000
161,Hartford Financial Services,19827.0,3.1,1807.0,-,62307.0,18500
162,Altria Group,19627.0,0.7,6963.0,-31.9,55638.0,8300
163,Bank of New York Mellon,19214.0,15.6,4266.0,4.3,362873.0,51300
164,Fluor,19166.6,-1.8,224.8,17.5,8913.6,53349
165,Avnet,19036.9,-16.8,-156.4,-129.8,9596.8,15400
166,Icahn Enterprises,18979.0,-12.7,1507.0,-38.0,23396.0,29034
167,Occidental Petroleum,18934.0,42.6,4131.0,215.1,43854.0,11000
168,Molina Healthcare,18890.0,-5.0,707.0,-,7154.0,11000
169,Genuine Parts,18735.1,14.9,810.5,31.4,12683.0,50000
170,Freeport-McMoRan,18628.0,13.5,2602.0,43.2,42216.0,26800
171,Kimberly-Clark,18486.0,1.2,1410.0,-38.1,14518.0,41000
172,Tenet Healthcare,18313.0,-11.2,111.0,-,22409.0,102795
173,Synchrony Financial,18253.0,9.3,2790.0,44.2,106792.0,16500
174,CarMax,17976.8,8.1,664.1,5.9,17486.3,25110
175,HollyFrontier,17714.7,24.3,1098.0,36.3,10994.6,3622
176,Performance Food Group,17619.9,5.1,198.7,106.3,4000.9,15000
177,Sherwin-Williams,17534.5,17.0,1108.7,-37.4,19134.3,53368
178,Emerson Electric,17408.0,6.8,2203.0,45.1,20390.0,87500
179,NGL Energy Partners,17282.7,32.7,-70.9,-151.7,6151.1,2400
180,XPO Logistics,17279.0,12.3,422.0,24.0,12270.0,100000
181,EOG Resources,17275.4,54.1,3419.0,32.4,33934.5,2800
182,Applied Materials,17253.0,18.7,3313.0,-3.5,17773.0,21000
183,PG&E,16759.0,-2.2,-6851.0,-516.2,76995.0,24000
184,NextEra Energy,16727.0,-2.7,6638.0,23.4,103702.0,14300
185,C.H. Robinson Worldwide,16631.2,11.8,664.5,31.6,4427.4,15262
186,Gap,16580.0,4.6,1003.0,18.3,8049.0,135000
187,Lincoln National,16424.0,15.2,1641.0,-21.1,298147.0,11034
188,DaVita,16368.6,2.1,159.4,-76.0,19110.3,77700
189,Jones Lang LaSalle,16318.4,105.7,484.5,90.6,10025.5,90000
190,WestRock,16285.1,9.6,1906.1,169.1,25360.5,45100
191,CDW,16240.5,6.9,643.0,22.9,7167.7,9019
192,American Electric Power,16195.7,5.0,1923.8,0.6,68802.8,17582
193,Cognizant Technology Solutions,16125.0,8.9,2101.0,39.7,15913.0,281600
194,D.R. Horton,16068.0,14.0,1460.3,40.6,14114.6,8437
195,Becton Dickinson,15983.0,32.2,311.0,-71.7,53904.0,76032
196,Nordstrom,15860.0,2.5,564.0,29.1,7886.0,74000
197,Netflix,15794.3,35.1,1211.2,116.7,25974.4,7100
198,Aramark,15789.6,8.1,567.9,51.9,13720.1,227200
199,Texas Instruments,15784.0,5.5,5580.0,51.5,17137.0,29888
200,General Mills,15740.4,0.8,2131.0,28.6,30624.0,40000
201,Supervalu,15679.0,-2.1,45.0,-93.1,4387.0,23000
202,Colgate-Palmolive,15544.0,0.6,2400.0,18.6,12161.0,34500
203,Goodyear Tire & Rubber,15475.0,0.6,693.0,100.3,16872.0,64000
204,PayPal Holdings,15451.0,18.0,2057.0,14.6,43332.0,21800
205,PPG Industries,15374.0,2.7,1341.0,-15.7,16015.0,47300
206,Omnicom Group,15290.2,0.1,1326.4,21.9,24617.0,70400
207,Celgene,15281.0,17.5,4046.0,37.6,35480.0,8852
208,Jacobs Engineering Group,14984.6,49.5,163.4,-44.4,12645.8,77600
209,Ross Stores,14983.5,6.0,1587.5,16.5,6073.7,88100
210,Marsh & McLennan,14950.0,6.6,1650.0,10.6,21578.0,66000
210,Mastercard,14950.0,19.6,5859.0,49.7,24860.0,14800
212,Land O'Lakes,14936.2,8.7,254.5,-19.0,9124.4,10000
213,Waste Management,14914.0,3.0,1925.0,-1.2,22650.0,43700
214,Illinois Tool Works,14768.0,3.2,2563.0,51.9,14870.0,48000
215,Ecolab,14668.2,6.0,1429.1,-5.3,20074.5,49000
216,Booking Holdings,14527.0,14.6,3998.0,70.8,22687.0,24500
217,CBS,14514.0,-1.3,1960.0,449.0,21859.0,14750
218,Parker-Hannifin,14302.4,18.9,1060.8,7.9,15320.1,57170
219,Principal Financial,14237.2,1.0,1546.5,-33.1,243036.1,16475
220,DTE Energy,14212.0,12.7,1120.0,-1.2,36288.0,10600
221,BlackRock,14198.0,13.7,4305.0,-13.4,159573.0,14900
222,United States Steel,14178.0,15.7,1115.0,188.1,10982.0,29000
223,Community Health Systems,14155.0,-23.4,-788.0,-,15859.0,78500
224,Kinder Morgan,14144.0,3.2,1609.0,779.2,78866.0,11012
225,Qurate Retail,14070.0,35.2,916.0,-62.5,17841.0,27226
226,Loews,14066.0,2.4,636.0,-45.4,78316.0,17900
227,Arconic,14014.0,8.1,642.0,-,18693.0,43000
228,Stanley Black & Decker,13982.4,9.7,605.2,-50.6,19408.0,60767
229,Textron,13972.0,-1.6,1222.0,298.0,14264.0,35000
230,Las Vegas Sands,13729.0,6.6,2413.0,-14.0,22547.0,51500
231,Estee Lauder,13683.0,15.7,1108.0,-11.3,12567.0,46000
232,DISH Network,13621.3,-5.4,1575.1,-24.9,30587.0,16000
233,Stryker,13601.0,9.3,3553.0,248.3,27229.0,36000
234,Kellogg,13547.0,4.8,1336.0,5.3,17780.0,34000
235,Biogen,13452.9,9.6,4430.7,74.5,25288.9,7800
236,Alcoa,13403.0,15.0,227.0,4.6,15938.0,14000
237,Anadarko Petroleum,13382.0,12.4,615.0,-,40376.0,4700
238,Dominion Energy,13366.0,6.2,2447.0,-18.4,77914.0,16100
239,ADP,13325.8,7.6,1620.8,-6.5,37088.7,57000
240,salesforce.com,13282.0,26.7,1110.0,770.7,30737.0,35000
241,L Brands,13236.9,4.8,643.9,-34.5,8090.2,57200
242,Henry Schein,13202.0,5.9,535.9,31.9,8500.5,22600
243,Newell Brands,13033.1,-11.6,-6917.9,-351.7,17716.4,37000
244,Guardian Life Ins. Co. of America,13014.9,4.5,464.9,2.1,74053.0,9556
245,BJ's Wholesale Club,13007.3,2.0,127.3,153.0,3239.3,26383
246,BB&T Corp.,12996.0,6.9,3237.0,35.2,225697.0,35852
247,State Street Corp.,12973.0,10.2,2599.0,19.4,244626.0,40142
248,Viacom,12943.0,-2.4,1719.0,-8.3,23783.0,10880
249,Ameriprise Financial,12924.0,7.0,2098.0,41.8,137216.0,14062
250,Core-Mark Holding,12903.9,5.6,45.5,35.8,1666.1,8087
251,Reinsurance Group of America,12875.7,2.9,715.8,-60.7,64535.2,2767
252,VF,12862.3,3.7,658.6,7.1,10311.3,69000
253,Discover Financial Services,12848.0,11.3,2742.0,30.6,109553.0,16600
254,Global Partners,12672.6,42.1,103.9,76.9,2424.3,2500
255,Edison International,12657.0,2.7,-423.0,-174.9,56715.0,12574
256,Oneok,12593.2,3.4,1151.7,197.0,18231.7,2684
257,Murphy USA,12524.0,15.4,213.6,-12.9,2360.8,6800
258,Bed Bath & Beyond,12349.3,1.1,424.9,-38.0,7040.8,65000
259,Consolidated Edison,12337.0,2.5,1382.0,-9.4,53920.0,15307
260,CSX,12250.0,7.4,3309.0,-39.5,36729.0,22475
261,J.C. Penney,12019.0,-3.9,-255.0,-,7721.0,95000
262,LKQ,11876.7,20.6,480.1,-10.0,11393.4,51000
263,FirstEnergy,11864.0,-12.9,1348.0,-,40063.0,12494
264,Steel Dynamics,11821.8,23.9,1258.4,54.8,7703.6,8200
265,Lithia Motors,11821.4,17.2,265.7,8.4,5384.0,13643
266,MGM Resorts International,11763.1,9.2,466.8,-76.2,30210.7,74500
267,Tenneco,11763.0,26.8,55.0,-73.4,13232.0,81000
268,Nvidia,11716.0,20.6,4141.0,35.9,13292.0,13277
269,Sempra Energy,11687.0,4.3,1049.0,309.8,60638.0,16823
270,Farmers Insurance Exchange,11650.4,-3.5,-70.5,-,17016.3,12740
271,Ball,11635.0,5.9,454.0,21.4,16554.0,17500
272,Group 1 Automotive,11601.4,4.3,157.8,-26.1,5001.1,14570
273,Unum Group,11598.5,2.8,523.4,-47.4,61875.6,9600
274,Xcel Energy,11537.0,1.2,1261.0,9.8,45987.0,11068
275,Reliance Steel & Aluminum,11534.5,18.7,633.7,3.3,8044.9,15600
276,Huntsman,11527.0,8.8,337.0,-47.0,7953.0,10000
277,Norfolk Southern,11458.0,8.6,2666.0,-50.7,36239.0,26662
278,Laboratory Corp. of America,11333.4,8.5,883.7,-30.3,16185.3,61000
279,Corning,11290.0,11.6,1066.0,-,27505.0,51500
280,Expedia Group,11223.0,11.6,406.0,7.4,18033.0,24500
281,AutoZone,11221.1,3.1,1337.5,4.4,9347.0,72450
282,W.W. Grainger,11221.0,7.6,782.0,33.5,5873.0,23850
283,Quanta Services,11171.4,18.0,293.3,-6.9,7075.8,39200
284,Crown Holdings,11151.0,28.2,439.0,35.9,15262.0,33429
285,Office Depot,11130.0,3.5,104.0,-42.5,6166.0,44000
286,Baxter International,11127.0,5.4,1624.0,126.5,15641.0,50000
287,Lam Research,11077.0,38.2,2380.7,40.2,12479.5,10900
288,Entergy,11009.5,-0.6,848.7,106.2,48275.1,13688
289,Charles Schwab,10989.0,22.6,3507.0,49.0,296482.0,19500
290,L3 Technologies,10841.0,-1.5,1005.0,48.4,13518.0,31000
291,NRG Energy,10797.0,-4.2,268.0,-,10628.0,4862
292,Live Nation Entertainment,10787.8,4.4,60.2,-,8496.9,16000
293,Universal Health Services,10772.3,-4.5,779.7,3.6,11265.5,75650
294,Molson Coors Brewing,10769.6,-2.1,1116.5,-28.7,30109.8,17750
295,eBay,10746.0,12.3,2530.0,-,22819.0,14000
296,AES,10736.0,-22.5,1203.0,-,32521.0,9000
297,Devon Energy,10734.0,-23.0,3064.0,241.2,19566.0,2880
298,Pacific Life,10699.0,12.5,913.0,-33.1,157699.0,3776
299,CenterPoint Energy,10589.0,10.1,368.0,-79.5,27009.0,7977
300,Discovery,10553.0,53.5,594.0,-,32550.0,9000
301,BorgWarner,10529.6,7.5,930.7,111.6,10095.3,30000
302,Targa Resources,10484.0,18.9,1.6,-97.0,16938.2,2460
303,Ally Financial,10466.0,6.1,1263.0,36.0,178869.0,8200
304,SunTrust Banks,10431.0,7.1,2775.0,22.1,215543.0,22899
305,IQVIA Holdings,10412.0,6.9,259.0,-80.2,22549.0,58000
306,American Family Insurance Group,10336.2,8.3,295.3,89.7,27502.5,11975
307,Delek US Holdings,10265.6,39.7,340.1,17.8,5760.6,3717
308,Navistar International,10250.0,19.6,340.0,1033.3,7230.0,13100
309,Chesapeake Energy,10231.0,7.7,873.0,-8.0,10947.0,2350
310,United Natural Foods,10226.7,10.3,165.7,27.3,2964.5,10000
311,Leidos Holdings,10194.0,0.2,581.0,58.7,8770.0,32000
312,PulteGroup,10188.3,18.8,1022.0,128.5,10173.0,5086
313,Eastman Chemical,10151.0,6.3,1080.0,-22.0,15995.0,14595
314,Republic Services,10040.9,-0.0,1036.9,-18.9,21617.0,36000
315,Mohawk Industries,9983.6,5.2,861.7,-11.3,13099.1,42100
316,Sonic Automotive,9951.6,0.9,51.7,-44.5,3796.8,9700
317,Owens & Minor,9838.7,5.6,-437.0,-700.3,3773.8,17900
318,Xerox,9830.0,-4.2,361.0,85.1,14874.0,32400
319,Boston Scientific,9823.0,8.6,1671.0,1506.7,20999.0,32000
320,DCP Midstream,9822.0,16.1,298.0,30.1,14266.0,2650
321,Autoliv,9801.1,-5.6,190.4,-55.4,6721.6,62091
322,Interpublic Group,9714.4,23.2,618.9,6.9,15620.3,54000
323,Public Service Enterprise Group,9696.0,6.7,1438.0,-8.6,45326.0,13145
324,PVH,9656.8,8.3,746.4,38.8,11863.7,29350
325,Mosaic,9587.3,29.4,470.0,-,20119.2,13600
326,Advance Auto Parts,9580.6,2.2,423.8,-10.9,9040.6,55500
327,Altice USA,9566.6,2.6,18.8,-98.8,33613.8,11993
328,Hormel Foods,9545.7,4.1,1012.1,19.5,8142.3,20100
329,O'Reilly Automotive,9536.4,6.2,1324.5,16.8,7980.8,64325
330,Calpine,9512.0,8.7,10.0,-,16062.0,2282
331,Hertz Global Holdings,9504.0,8.0,-225.0,-168.8,21382.0,38000
332,First Data,9498.0,-21.2,1005.0,-31.4,38327.0,19000
333,Pioneer Natural Resources,9415.0,72.6,978.0,17.4,17903.0,3177
334,Coty,9398.0,22.8,-168.8,-,22630.2,20000
335,AGCO,9352.0,12.6,285.5,53.2,7626.4,21200
336,Mutual of Omaha Insurance,9347.2,7.0,277.3,-67.9,43913.4,6314
337,Vistra Energy,9144.0,68.4,-54.0,-,26024.0,5275
338,Avis Budget Group,9124.0,3.1,165.0,-54.3,19149.0,25600
339,Adobe,9030.0,23.7,2590.8,52.9,18768.7,21357
340,Peter Kiewit Sons',9025.0,4.0,468.0,26.1,4760.0,20000
341,News Corp.,9024.0,10.9,-1514.0,-,16346.0,28000
342,Brighthouse Financial,8965.0,-,865.0,-,206294.0,1260
343,Voya Financial,8934.0,-7.5,875.0,-,154682.0,6000
344,Air Products & Chemicals,8930.2,5.8,1497.8,-50.1,19178.3,16150
345,Hilton Worldwide Holdings,8906.0,-2.6,764.0,-39.3,13995.0,169000
346,GameStop,8850.7,-4.1,-673.0,-2039.5,4044.3,33000
347,Veritiv,8696.2,4.0,-15.7,-,2529.7,8700
348,Williams,8686.0,8.2,-155.0,-107.1,45302.0,5322
349,Campbell Soup,8685.0,10.1,261.0,-70.6,14529.0,23000
350,Rockwell Collins,8665.0,27.0,1032.0,46.4,19026.0,31200
351,Thrivent Financial for Lutherans,8635.2,1.3,1233.9,121.0,94482.9,3708
352,Westlake Chemical,8635.0,7.4,996.0,-23.6,11602.0,8870
353,Univar,8632.5,4.6,172.3,43.8,5272.4,8500
354,J.B. Hunt Transport Services,8614.9,19.8,489.6,-28.7,5091.6,27621
355,Frontier Communications,8611.0,-5.7,-643.0,-,23659.0,21173
356,Jones Financial (Edward Jones),8594.0,13.1,990.0,13.5,15815.0,47000
357,National Oilwell Varco,8453.0,15.7,-31.0,-,19796.0,34642
358,Eversource Energy,8448.2,9.0,1033.0,4.6,38241.3,7998
359,Dick's Sporting Goods,8436.6,-1.8,319.9,-1.1,4187.1,27950
360,Genworth Financial,8430.0,1.6,119.0,-85.4,100923.0,3500
361,Fidelity National Information Services,8423.0,-7.7,846.0,-35.9,23770.0,47000
362,Yum China Holdings,8415.0,17.8,708.0,75.7,4610.0,450000
363,Ryder System,8409.2,14.7,273.3,-65.4,13051.1,39600
364,Anixter International,8400.2,6.0,156.3,43.4,4653.1,9300
365,Caesars Entertainment,8391.0,72.9,303.0,-,25775.0,66000
366,Masco,8359.0,9.4,734.0,37.7,5393.0,26000
367,Thor Industries,8328.9,14.9,430.2,14.9,2778.7,17500
368,Alaska Air Group,8264.0,4.2,437.0,-57.7,10912.0,23376
369,Amphenol,8202.0,17.0,1205.0,85.2,10044.9,73600
370,WESCO International,8176.6,6.5,227.3,39.1,4605.0,9100
371,Huntington Ingalls Industries,8176.0,9.9,836.0,74.5,6383.0,40000
372,Jefferies Financial Group,8151.8,-34.3,1026.8,497.9,47131.1,4700
373,Dana,8143.0,13.0,427.0,284.7,5918.0,30900
374,Expeditors Intl. of Washington,8138.4,17.6,618.2,26.3,3314.6,17400
375,EMCOR Group,8130.6,5.8,283.5,24.8,4088.8,33000
376,Darden Restaurants,8080.1,12.7,596.0,24.4,5469.6,180656
377,SpartanNash,8064.6,-0.8,33.6,-,1971.9,11400
378,Assurant,8057.6,25.6,251.0,-51.7,41089.3,14250
379,United Rentals,8047.0,21.2,1096.0,-18.6,18133.0,18500
380,Liberty Media,8040.0,5.9,531.0,-60.8,40828.0,4641
381,Erie Insurance Group,8030.7,6.6,686.3,-20.0,21178.2,5547
382,Auto-Owners Insurance,7999.3,5.2,754.5,16.8,24476.4,5517
383,Cheniere Energy,7987.0,42.6,471.0,-,31987.0,1372
384,Fifth Third Bancorp,7973.0,3.4,2193.0,-0.0,146069.0,17437
385,Foot Locker,7939.0,2.0,541.0,90.5,3820.0,32401
386,Conagra Brands,7938.3,-14.0,808.4,26.5,10389.5,12400
387,Zimmer Biomet Holdings,7932.9,1.4,-379.2,-120.9,24126.8,19800
388,Tractor Supply,7911.0,9.0,532.4,26.0,3085.3,22000
389,Berry Global Group,7869.0,10.9,496.0,45.9,9131.0,24000
390,Alliance Data Systems,7791.2,0.9,963.1,22.1,30387.7,20000
391,Hershey,7791.1,3.7,1177.6,50.4,7703.0,15675
392,PPL,7785.0,4.5,1827.0,62.0,43396.0,12444
393,Dean Foods,7755.3,-0.5,-326.9,-630.8,2118.5,15000
394,Builders FirstSource,7724.8,9.8,205.2,429.1,2932.3,15000
395,Oshkosh,7705.5,12.8,471.9,65.2,5294.2,15000
396,EnLink Midstream,7699.0,34.1,-13.2,-106.2,10694.1,1449
397,W.R. Berkley,7691.7,0.1,640.7,16.7,24896.0,7448
398,WEC Energy Group,7679.5,0.4,1059.3,-12.0,33475.8,7878
399,JetBlue Airways,7658.0,9.2,188.0,-83.6,10426.0,18268
400,UGI,7651.2,25.0,718.7,64.6,11980.9,13000
401,A-Mark Precious Metals,7606.2,8.8,-3.4,-147.9,743.0,184
402,Fidelity National Financial,7594.0,-22.3,628.0,-18.5,9301.0,23436
403,Constellation Brands,7585.0,3.5,2318.9,51.1,20538.7,9600
404,Quest Diagnostics,7531.0,-2.3,736.0,-4.7,11003.0,46000
405,Activision Blizzard,7500.0,6.9,1813.0,564.1,17835.0,9900
406,Weyerhaeuser,7476.0,3.9,748.0,28.5,17249.0,9300
407,Raymond James Financial,7475.8,14.6,856.7,34.7,37412.9,13900
408,Casey's General Stores,7472.1,12.5,317.9,79.1,3469.9,27561
409,Keurig Dr Pepper,7442.0,11.2,586.0,-45.5,48918.0,25500
410,American Tower,7440.1,11.6,1236.4,-0.2,33010.4,5026
411,Apache,7424.0,15.6,40.0,-96.9,21582.0,3420
412,Dover,7395.8,-5.6,570.3,-29.7,8365.8,24000
413,KeyCorp,7393.0,7.6,1866.0,44.0,139613.0,18180
414,J.M. Smucker,7357.1,-0.5,1338.6,126.0,15301.2,7000
415,Citizens Financial Group,7354.0,13.9,1721.0,4.2,160518.0,18140
416,Motorola Solutions,7343.0,15.1,966.0,-,9409.0,16000
417,Magellan Health,7314.2,25.3,24.2,-78.1,2979.1,10500
418,American Axle & Manufacturing,7270.4,16.0,-57.5,-117.1,7510.7,25000
419,Newmont Goldcorp,7253.0,-1.3,341.0,-,20715.0,12442
420,Spirit AeroSystems Holdings,7222.0,3.4,617.0,73.9,5685.9,17000
421,Western & Southern Financial Group,7205.0,23.5,495.0,59.4,50635.5,2769
422,Fortive,7203.2,8.2,2913.8,179.0,12905.6,24000
423,Graybar Electric,7202.5,8.6,143.3,100.1,2491.2,8700
424,NVR,7189.7,13.7,797.2,48.3,3165.9,5600
425,Avery Dennison,7159.0,8.2,467.4,65.9,5177.5,30000
426,Celanese,7155.0,16.5,1207.0,43.2,9313.0,7684
427,American Financial Group,7150.0,4.2,530.0,11.6,63456.0,7600
428,Toll Brothers,7143.3,22.8,748.2,39.7,10244.6,4900
429,Sanmina,7110.1,3.5,-95.5,-168.8,4085.1,41200
430,Insight Enterprises,7080.1,5.6,163.7,80.5,2775.9,7420
431,Owens Corning,7057.0,10.5,545.0,88.6,9771.0,20000
432,Packaging Corp. of America,7014.6,8.8,738.0,10.4,6569.7,15000
433,TravelCenters of America,6973.6,15.2,-120.6,-1401.6,1442.1,18277
434,Olin,6946.1,10.8,327.9,-40.3,8997.4,6500
435,Arthur J. Gallagher,6934.0,12.6,633.5,36.8,16334.0,30362
436,MasTec,6909.4,4.6,259.7,-25.2,4440.0,19000
437,Alleghany,6887.2,7.2,39.5,-56.1,25344.9,9300
438,Owens-Illinois,6877.0,0.1,257.0,42.8,9699.0,26500
439,Asbury Automotive Group,6874.4,6.5,168.0,20.8,2695.4,8200
440,CMS Energy,6873.0,4.4,657.0,42.8,24529.0,8291
441,Markel,6841.3,12.9,-128.2,-132.4,33306.3,17400
442,Blackstone Group,6833.3,-4.0,1541.8,4.8,28924.7,2615
443,AK Steel Holding,6818.2,12.1,186.0,2900.0,4515.7,9500
444,Hanesbrands,6804.0,5.0,553.1,793.6,7256.0,68000
445,R.R. Donnelley & Sons,6800.2,-2.0,-11.0,-,3640.8,39500
446,Wayfair,6779.2,43.6,-504.1,-,1890.9,12124
447,Regions Financial,6762.0,11.0,1759.0,39.3,125688.0,19969
448,Wynn Resorts,6717.7,6.5,572.4,-23.4,13216.3,26000
449,Ulta Beauty,6716.6,14.1,658.6,18.6,3191.2,30000
450,Regeneron Pharmaceuticals,6710.8,14.3,2444.4,104.0,11734.5,7400
451,Burlington Stores,6668.5,9.1,414.7,7.8,3079.2,44000
452,Rockwell Automation,6666.0,5.6,535.5,-35.1,6262.0,23000
453,Northern Trust,6658.9,16.5,1556.4,29.8,132212.5,18800
454,Chemours,6638.0,7.4,995.0,33.4,7362.0,7000
455,Seaboard,6583.0,13.3,-17.0,-106.9,5307.0,12600
456,Marathon Oil,6582.0,27.7,1096.0,-,21321.0,2400
457,Ascena Retail Group,6578.3,-1.1,-39.7,-,3570.5,39500
458,Dillard's,6503.3,1.3,170.3,-23.1,3431.4,31005
459,Cintas,6487.4,19.5,842.6,75.3,6958.2,41000
460,Advanced Micro Devices,6475.0,21.5,337.0,683.7,4556.0,10100
461,Hess,6466.0,19.6,-282.0,-,21433.0,1708
462,M&T Bank Corp.,6454.7,7.2,1918.1,36.2,120097.4,16840
463,ABM Industries,6442.2,18.1,97.8,2473.7,3627.5,140000
464,Beacon Roofing Supply,6418.3,46.6,98.6,-2.2,6508.7,8356
465,NCR,6405.0,-1.7,-88.0,-137.9,7761.0,34000
466,iHeartMedia,6325.8,2.6,-201.9,-,12269.5,18300
467,Franklin Resources,6319.1,-1.1,764.4,-54.9,14383.5,9691
468,Ameren,6291.0,1.8,815.0,55.8,27215.0,8838
469,Intercontinental Exchange,6276.0,7.6,1988.0,-20.9,92791.0,5161
470,S&P Global,6258.0,3.2,1958.0,30.9,9458.0,21200
471,Post Holdings,6257.2,19.7,467.3,867.5,13057.5,11550
472,Analog Devices,6200.9,21.4,1495.4,105.6,20449.8,15800
473,Ralph Lauren,6182.3,-7.1,162.8,-,6143.3,18150
474,L3Harris Technologies,6182.0,-10.9,718.0,29.8,9839.0,17500
475,Booz Allen Hamilton,6171.9,6.3,305.1,20.8,3603.4,24600
476,Polaris Industries,6166.0,12.0,335.3,94.4,4124.9,12000
477,Clorox,6124.0,2.5,823.0,17.4,5060.0,8700
478,Realogy Holdings,6079.0,-0.6,137.0,-68.2,7290.0,11400
479,HD Supply Holdings,6047.0,-7.5,394.0,-59.4,4233.0,11500
480,Graphic Packaging Holding,6023.0,36.8,221.1,-26.3,7059.2,18000
481,Old Republic International,6021.8,-3.9,370.5,-33.9,19327.1,9000
482,Intuit,5964.0,15.2,1211.0,24.7,5178.0,8900
483,NetApp,5911.0,7.1,76.0,-85.1,9865.0,10300
484,Tapestry,5880.0,31.0,397.5,-32.7,6678.3,16900
485,ON Semiconductor,5878.3,6.0,627.4,-22.6,7587.6,35700
486,Ingredion,5841.0,0.2,443.0,-14.6,5728.0,11000
487,Zoetis,5825.0,9.8,1428.0,65.3,10777.0,10000
488,Fiserv,5823.0,2.2,1187.0,-4.7,11262.0,24000
489,TreeHouse Foods,5812.1,-7.8,-61.4,-,5599.3,12700
490,Robert Half International,5800.3,10.1,434.3,49.5,1903.1,18900
491,First American Financial,5747.8,-0.4,474.5,12.2,10630.6,18251
492,Harley-Davidson,5716.9,1.2,531.5,1.9,10665.7,5900
493,Windstream Holdings,5713.1,-2.4,-723.0,-,10257.9,11945
494,Yum Brands,5688.0,-3.2,1542.0,15.1,4130.0,34000
495,Williams-Sonoma,5671.6,7.2,333.7,28.6,2812.8,19800
496,Simon Property Group,5657.9,2.2,2440.1,25.3,30686.2,4150
497,Navient,5610.0,8.3,395.0,35.3,104176.0,6500
498,Western Union,5589.9,1.2,851.9,-,8996.8,12000
499,Peabody Energy,5581.8,0.1,646.9,-,7423.7,7400
500,Levi Strauss,5575.4,13.7,283.1,0.6,3542.7,15100
501,Avon Products,5571.3,-2.5,-19.5,-188.6,3010.0,23000
502,Host Hotels & Resorts,5524.0,2.5,1087.0,92.7,12090.0,184
503,Kelly Services,5513.9,2.6,22.9,-68.0,2314.4,7900
504,Rush Enterprises,5506.2,16.8,139.1,-19.2,3201.4,7214
505,Spectrum Brands Holdings,5505.5,-17.2,768.3,624.8,7747.7,13000
506,Securian Financial Group,5495.8,-9.4,322.4,-23.0,51887.8,5300
507,Diplomat Pharmacy,5492.5,22.5,-302.3,-2048.9,1476.4,2234
508,Fortune Brands Home & Security,5485.1,3.8,389.6,-17.6,5964.6,25300
509,TD Ameritrade Holding,5473.0,48.5,1473.0,68.9,37520.0,9183
510,Patterson,5465.7,-2.3,201.0,17.6,3471.7,7700
511,Domtar,5455.0,5.8,283.0,-,4925.0,10000
512,FM Global,5427.3,11.3,161.4,-36.5,22207.5,5475
513,Crown Castle International,5423.0,24.5,671.0,50.9,32785.0,5000
514,McCormick,5408.9,11.9,933.4,95.5,10256.4,11600
515,Cincinnati Financial,5407.5,-5.7,287.1,-72.5,21934.8,4999
516,Hanover Insurance Group,5406.7,4.3,391.0,110.0,12399.7,4200
517,Conduent,5393.0,-10.4,-416.0,-329.8,6680.0,82000
518,Sonoco Products,5390.9,7.0,313.6,78.8,4583.5,23000
519,T. Rowe Price,5372.6,12.1,1837.5,22.7,7689.3,7022
520,Cerner,5366.3,4.4,630.1,-27.3,6708.6,29200
521,Knight-Swift Transportation Holdings,5344.1,120.3,419.3,-13.4,7911.9,22700
522,RPM International,5321.6,7.3,337.8,85.8,5271.8,14540
523,Michaels Cos.,5271.9,-1.7,319.5,-18.2,2128.3,29500
524,Huntington Bancshares,5270.0,11.2,1393.0,17.5,108781.0,15693
525,Big Lots,5238.1,-0.6,156.9,-17.4,2023.3,23250
526,KKR,5222.4,-11.9,1131.1,11.1,50743.4,1301
527,Sprouts Farmers Market,5207.3,11.6,158.5,0.1,1675.6,30000
528,Xylem,5207.0,10.6,549.0,65.9,7222.0,17000
529,Under Armour,5193.2,4.4,-46.3,-,4245.0,11000
530,Roper Technologies,5191.2,12.7,944.4,-2.8,15249.5,15611
531,LPL Financial Holdings,5188.4,21.2,439.5,84.0,5477.5,4229
532,Brunswick,5159.2,5.3,265.3,81.2,4285.7,16038
533,Electronic Arts,5150.0,6.3,1043.0,7.9,8584.0,9300
534,Terex,5125.0,17.5,113.7,-11.7,3485.9,11700
535,NiSource,5114.5,4.9,-50.6,-139.4,21804.0,8087
536,Telephone & Data Systems,5109.0,1.3,135.0,-11.8,9783.0,9400
537,YRC Worldwide,5092.0,4.1,20.2,-,1617.1,31000
538,Select Medical Holdings,5081.3,14.4,137.8,-22.2,5964.3,40400
539,Equinix,5071.7,16.1,365.4,56.8,20244.6,7903
540,Boise Cascade,4995.3,12.7,20.5,-75.3,1581.2,6210
541,Noble Energy,4986.0,17.2,-66.0,-,21010.0,2330
542,Schneider National,4977.0,13.5,268.9,-31.0,3624.5,19400
543,Genesis Healthcare,4976.7,-7.4,-235.2,-,4263.6,61300
544,Fastenal,4965.1,13.1,751.9,29.9,3321.5,21644
545,Commercial Metals,4948.4,-1.0,138.5,198.9,3328.3,8900
546,EQT,4946.7,46.4,-2244.6,-248.8,20721.3,863
547,Agilent Technologies,4914.0,9.9,316.0,-53.8,8541.0,14800
548,KBR,4913.0,17.8,281.0,-35.3,5072.0,25000
549,Neiman Marcus Group,4900.4,4.1,251.1,-,7545.9,13500
550,NortonLifeLock,4888.0,16.6,1138.0,-,15759.0,11830
551,Chipotle Mexican Grill,4865.0,8.7,176.6,0.2,2265.5,73000
552,Ametek,4845.9,12.7,777.9,14.2,8662.3,18200
553,Camping World Holdings,4792.0,11.8,10.4,-63.3,2806.7,11835
554,Smart & Final Stores,4741.8,3.7,-112.2,-,1711.9,7921
555,Sealed Air,4732.7,-22.8,193.1,-76.3,5050.2,15500
556,FMC,4731.6,37.5,502.1,-6.3,9974.3,7300
557,Continental Resources,4709.6,50.9,988.3,25.2,15297.9,1221
558,Welltower,4700.5,8.9,805.0,54.0,30342.1,384
559,Skechers U.S.A.,4662.7,11.5,301.0,68.0,3228.3,9000
560,Science Applications International,4659.0,4.6,137.0,-23.5,4563.0,23127
561,Wyndham Destinations,4651.0,-20.1,672.0,-22.8,7158.0,24500
562,Juniper Networks,4647.5,-7.6,566.9,85.1,9363.3,9283
563,Coca-Cola Consolidated,4625.4,7.0,-19.9,-120.6,3009.9,15200
564,Landstar System,4619.0,26.6,255.3,44.2,1380.6,1306
565,National General Holdings,4608.0,4.0,207.4,95.9,9439.3,8440
566,ADT,4581.7,6.2,-609.2,-277.8,17208.6,19000
567,Hasbro,4579.6,-12.1,220.4,-44.4,5263.0,5800
568,Diebold Nixdorf,4578.6,-0.7,-568.7,-,4311.9,23000
569,CommScope Holding,4568.5,0.2,140.2,-27.6,6630.5,20000
570,Carlisle,4549.0,11.2,611.1,67.2,5249.2,13950
571,KB Home,4547.0,4.1,170.4,-5.7,5073.6,2005
572,Watsco,4546.7,4.7,242.9,16.7,2161.0,5200
573,Brookdale Senior Living,4531.4,-4.5,-528.3,-,6467.3,54300
574,MDU Resources Group,4531.1,2.0,272.3,-3.2,6988.1,11797
575,Mattel,4510.9,-7.6,-531.0,-,5243.5,27000
576,Universal Forest Products,4489.2,13.9,148.6,24.3,1647.5,12000
577,Hubbell,4481.7,22.2,360.2,48.2,4872.1,19700
578,CACI International,4467.9,2.6,301.2,84.0,4034.2,18800
579,Tutor Perini,4454.7,-6.4,83.4,-43.8,4387.8,8200
580,Hyatt Hotels,4454.0,-4.9,769.0,208.8,7643.0,54000
581,Silgan Holdings,4448.9,8.8,224.0,-16.9,4579.3,13220
582,Moody's,4442.7,5.7,1309.6,30.9,9526.2,13057
583,Tiffany,4442.1,6.5,586.4,58.4,5333.0,14200
584,CF Industries Holdings,4428.9,7.2,289.8,-19.0,12661.3,3055
585,Hub Group,4423.1,9.6,201.7,49.3,1924.9,5400
586,Ryerson Holding,4408.4,31.0,106.0,519.9,2086.3,4600
587,Syneos Health,4390.1,64.3,24.3,-,7254.9,24000
588,Vulcan Materials,4382.9,12.7,515.8,-14.2,9832.1,8782
589,Westinghouse Air Brake,4363.5,12.4,294.9,12.5,8649.2,18000
590,JELD-WEN Holding,4346.7,15.5,144.4,1237.8,3051.1,23000
591,Broadridge Financial Solutions,4329.9,4.5,427.9,30.9,3304.7,10000
592,Amkor Technology,4316.5,3.1,127.1,-51.3,4495.4,30850
593,CNO Financial Group,4313.5,0.4,-315.0,-279.4,31439.8,3300
594,CME Group,4309.4,18.2,1962.2,-51.7,77475.7,4590
595,Globe Life,4303.8,3.6,701.5,-51.8,23095.7,3102
596,Encompass Health,4277.3,7.7,292.3,14.0,5175.0,33050
597,Nasdaq,4277.0,7.9,458.0,-37.6,15700.0,4099
598,Evergy,4275.9,66.3,535.8,65.4,25598.1,4832
599,Leggett & Platt,4269.5,8.3,305.9,4.5,3382.0,22000
600,IAC/InterActiveCorp,4262.9,28.9,627.0,105.6,6874.6,7800
601,Martin Marietta Materials,4244.3,7.0,470.0,-34.1,9551.4,8714
602,CA,4235.0,4.9,476.0,-38.6,13060.0,11300
603,OneMain Holdings,4232.0,12.7,447.0,144.3,20090.0,10200
604,Taylor Morrison Home,4227.4,8.8,206.4,126.2,5264.4,2300
605,Iron Mountain,4225.8,9.9,363.4,97.7,11852.2,26200
606,Laureate Education,4219.9,-3.6,370.1,304.6,6769.6,49500
607,Zebra Technologies,4218.0,13.3,421.0,2376.5,4339.0,7400
608,Quad/Graphics,4193.7,1.5,8.5,-92.1,2469.1,20600
609,Meritor,4178.0,24.8,117.0,-63.9,2726.0,8600
610,MRC Global,4172.0,14.4,74.0,48.0,2434.0,3773
611,Concho Resources,4151.0,60.5,2286.0,139.1,26294.0,1503
612,Church & Dwight,4145.9,9.8,568.6,-23.5,6069.2,4700
613,Antero Resources,4139.6,13.2,-397.5,-164.6,15519.5,623
614,Alexion Pharmaceuticals,4131.2,16.3,77.6,-82.5,13931.9,2656
615,Bloomin' Brands,4126.4,-2.1,107.1,6.8,2464.8,93000
616,Buckeye Partners,4108.3,12.6,-59.0,-112.3,9355.6,1850
617,Ingles Markets,4092.8,2.3,97.4,80.7,1824.9,17940
618,Bemis,4089.9,1.1,225.7,140.1,3571.0,15694
619,Snap-on,4070.4,1.8,679.9,21.9,5373.1,12600
620,SCANA,4052.0,-8.1,-528.0,-,17654.0,5200
621,Allegheny Technologies,4046.6,14.8,222.4,-,5501.8,8800
622,Old Dominion Freight Line,4043.7,20.4,605.7,30.6,3545.3,21279
623,KLA-Tencor,4036.7,16.0,802.3,-13.4,5619.4,6550
624,American Eagle Outfitters,4035.7,6.3,261.9,28.3,1903.4,27000
625,Nexeo Solutions,4034.2,10.9,29.4,104.2,2243.6,2760
626,Total System Services,4028.2,-18.3,576.7,-1.6,7468.7,13100
627,Warner Music Group,4005.0,12.0,307.0,114.7,5344.0,4660
628,Dentsply Sirona,3986.3,-0.2,-1011.0,-,8687.0,16400
629,Microchip Technology,3980.8,16.2,255.4,55.1,8257.2,14234
630,International Flavors & Fragrances,3977.5,17.0,337.3,14.1,12889.4,13209
631,Gartner,3975.5,20.1,122.5,3634.6,6201.5,15173
632,Element Solutions,3952.8,4.7,-324.4,-,9401.5,4450
633,Flowers Foods,3951.9,0.8,157.2,4.7,2845.5,9200
634,Urban Outfitters,3950.6,9.3,298.0,175.3,2160.5,16800
635,Sally Beauty Holdings,3932.6,-0.1,258.0,20.0,2097.4,21955
636,Worldpay,3925.4,-2.5,12.8,-90.2,24888.5,8186
637,Lennox International,3883.9,1.2,359.0,17.4,1817.2,11350
638,Keysight Technologies,3878.0,21.6,165.0,61.8,5824.0,12900
639,Greif,3873.8,6.5,209.4,76.6,3194.8,13000
640,Skyworks Solutions,3868.0,5.9,918.4,-9.1,4828.9,9400
641,Sabre,3867.0,7.5,337.5,39.2,5806.4,8860
642,Southwestern Energy,3862.0,20.6,537.0,-48.7,5797.0,960
643,ScanSource,3846.3,7.8,33.2,-52.1,1945.3,2600
644,Green Plains,3843.4,6.9,15.9,-73.9,2216.4,1194
645,Flowserve,3832.7,4.7,119.7,4412.5,4616.3,17000
646,WABCO Holdings,3831.0,15.9,394.1,-3.0,3738.6,16135
647,Aaron's,3828.9,13.2,196.2,-32.9,2826.7,11800
648,Insperity,3828.5,16.0,135.4,60.4,1191.8,3200
649,LSC Communications,3826.0,6.2,-23.0,-,1754.0,22000
650,TransDigm Group,3822.9,8.3,957.1,60.3,12197.5,10100
651,Monster Beverage,3807.2,13.0,993.0,21.0,4526.9,2748
652,Hexion,3797.0,5.7,-162.0,-,1961.0,4000
653,Edwards Lifesciences,3772.8,9.8,722.2,23.7,5323.7,12800
654,Sprague Resources,3771.1,32.1,79.8,170.6,1245.2,901
655,Kar Auction Services,3769.6,9.0,328.0,-9.4,7206.2,16468
656,Resolute Forest Products,3756.0,6.9,235.0,-,3935.0,7400
657,Ventas,3745.8,4.8,409.5,-69.8,22584.6,500
658,Ashland Global Holdings,3743.0,14.8,114.0,11300.0,8252.0,6000
659,Pitney Bowes,3733.9,5.2,223.7,-14.4,5972.9,13300
660,Kemper,3725.1,36.8,190.1,57.2,11544.9,8100
661,Intuitive Surgical,3724.2,19.0,1127.9,70.9,7846.7,5527
662,CUNA Mutual Group,3698.8,4.5,214.9,-29.1,20569.9,3300
663,Pinnacle West Capital,3691.2,3.5,511.0,4.6,17664.2,6259
664,BMC Stock Holdings,3682.4,9.4,119.7,108.5,1576.1,9500
665,Acuity Brands,3680.1,5.0,349.6,8.7,2988.8,13000
666,Colfax,3666.8,-1.9,140.2,-7.2,6603.9,15500
667,Barnes & Noble,3662.3,-6.0,-125.5,-669.8,1749.6,15557
668,Crestwood Equity Partners,3654.1,-5.8,50.8,-,4294.5,859
669,Mednax,3647.1,5.5,268.6,-16.2,5934.9,11875
670,Regal Beloit,3645.6,8.5,231.2,8.5,4623.8,24600
671,Country Financial,3629.7,2.5,215.2,14.9,15025.5,3834
672,Cooper-Standard Holdings,3629.3,0.3,107.8,-20.4,2623.1,32000
673,Amerco,3601.1,5.2,790.6,98.4,10747.0,21025
674,Comerica,3595.0,9.3,1235.0,66.2,70818.0,7812
675,Abercrombie & Fitch,3590.1,2.8,74.5,950.8,2385.6,24500
676,Penn National Gaming,3587.9,14.0,93.5,-80.2,10961.0,25750
677,Worthington Industries,3581.6,18.8,194.8,-4.8,2621.8,12000
678,Timken,3580.8,19.2,302.8,48.9,4445.2,17477
679,First Republic Bank,3575.1,22.8,853.8,12.7,99205.2,4480
680,Alliant Energy,3534.5,4.5,512.1,12.0,15426.0,3885
681,PolyOne,3533.4,2.4,159.8,-,2723.3,6600
682,Meritage Homes,3528.6,8.9,227.3,58.7,3365.5,1615
683,Weis Markets,3509.3,1.2,62.7,-36.3,1432.0,23000
684,TriNet Group,3503.0,7.0,192.0,7.9,2435.0,3100
685,Sentry Insurance Group,3498.4,4.5,250.6,-13.1,17652.2,4169
686,Calumet Specialty Products,3497.5,-12.4,-55.1,-,2087.5,1700
687,Brink's,3488.9,4.2,-33.3,-299.4,3236.0,60900
688,Stericycle,3485.9,-2.6,-244.7,-677.1,6455.5,22500
689,Carter's,3462.3,1.8,282.1,-6.8,2058.9,21000
690,Aleris,3445.9,20.6,-91.6,-,2779.4,5500
691,American Water Works,3440.0,2.5,567.0,33.1,21223.0,7100
692,Domino's Pizza,3432.9,23.1,362.0,30.3,907.4,14500
693,Enable Midstream Partners,3431.0,22.4,521.0,19.5,12444.0,1794
694,Lamb Weston Holdings,3423.7,-,416.8,-,2752.6,7200
695,SS&C Technologies Holdings,3421.1,104.2,103.2,-68.6,16107.5,22600
696,Equifax,3412.1,1.5,299.8,-49.0,7153.2,10900
697,Par Pacific Holdings,3410.7,39.6,39.4,-45.7,1460.7,1285
698,ASGN,3399.8,29.5,157.7,0.0,2687.9,4300
699,Darling Ingredients,3387.7,-7.5,101.5,-21.0,4889.4,9800
700,Paychex,3380.9,7.3,933.7,14.2,7463.7,14300
701,Mercury General,3380.0,-1.1,-5.7,-104.0,5433.7,4400
702,Albemarle,3375.0,9.9,693.6,1164.5,7581.7,5900
703,Global Payments,3366.4,-15.3,452.1,-3.5,13230.8,11000
704,Scientific Games,3363.2,9.1,-352.4,-,7717.8,9700
705,Puget Energy,3346.5,-3.3,235.6,34.5,14098.9,3140
706,Crane,3345.5,20.1,335.6,95.3,4042.7,12000
707,USG,3336.0,4.1,196.0,122.7,3842.0,7300
708,Illumina,3333.0,21.1,826.0,13.8,6959.0,7300
709,Patterson-UTI Energy,3327.0,41.2,-321.4,-5538.6,5469.9,8000
710,American National Insurance,3326.4,-2.5,159.0,-67.8,26912.4,4640
711,Spirit Airlines,3323.0,25.5,155.7,-63.0,5165.5,7708
712,Granite Construction,3318.4,11.0,42.4,-38.6,2476.6,4200
713,CIT Group,3308.2,-6.7,447.1,-4.5,48537.4,3678
714,Clean Harbors,3300.3,12.1,65.6,-34.8,3738.3,14200
715,Square,3298.2,49.0,-38.5,-,3281.0,3349
716,Range Resources,3282.6,25.7,-1746.5,-624.2,9708.2,796
717,TRI Pointe Group,3262.7,16.1,269.9,44.2,3884.2,1435
718,Medical Mutual of Ohio,3262.1,12.7,157.5,1854.3,2453.9,2398
719,Brown-Forman,3248.0,8.5,717.0,7.2,4976.0,4685
720,Cabot,3242.0,19.3,-113.0,-146.9,3244.0,4600
721,Tailored Brands,3239.9,-2.0,83.2,-13.9,1820.5,17850
722,Sanderson Farms,3236.0,-3.2,61.4,-78.0,1659.4,15104
723,Penn Mutual Life Insurance,3231.3,13.3,333.4,-43.9,33164.2,3140
724,Cinemark Holdings,3221.7,7.7,213.8,-19.1,4481.8,20555
725,SkyWest,3221.7,0.5,280.4,-34.6,6313.2,15900
726,Hologic,3217.9,5.2,-111.3,-114.7,7230.9,6252
727,MSC Industrial Direct,3203.9,10.9,329.2,42.3,2288.7,6657
728,Triumph Group,3199.0,-9.5,-425.4,-,3807.1,13554
729,Stifel Financial,3195.0,6.6,394.0,115.4,24519.6,7399
730,Service Corp. International,3190.2,3.1,447.2,-18.2,12693.2,20106
731,A.O. Smith,3187.9,6.4,444.2,49.8,3071.5,16300
732,Designer Brands,3183.7,13.7,-20.5,-130.4,1620.6,16100
733,Hyster-Yale Materials Handling,3174.4,10.0,34.7,-28.6,1742.1,7800
734,PriceSmart,3166.7,5.7,74.3,-18.1,1216.4,8680
735,H&R Block,3159.9,4.1,613.1,49.9,3140.9,46700
736,Legg Mason,3140.3,8.8,285.1,25.4,8152.5,3275
737,Brinker International,3135.4,-0.5,125.9,-16.5,1347.3,58478
738,Dycom Industries,3127.7,5.0,62.9,-58.4,2097.5,14920
739,NOW,3127.0,18.1,52.0,-,1795.0,4552
740,Synopsys,3121.1,14.5,432.5,216.7,6146.0,13245
741,Infor,3117.7,9.2,-192.1,-,6816.5,16680
742,Atmos Energy,3115.5,1.7,603.1,52.1,11874.4,4628
743,Trimble,3108.4,17.1,282.8,133.5,5776.4,11287
744,Ciena,3094.3,10.4,-344.7,-127.3,3756.5,6013
745,ArcBest,3093.8,9.5,67.3,12.6,1539.2,12772
746,G-III Apparel Group,3076.2,9.6,138.1,122.2,2208.1,6950
747,Applied Industrial Technologies,3073.3,18.5,141.6,5.8,2285.7,6634
748,MDC Holdings,3065.2,18.9,210.8,48.6,3001.1,1581
749,California Resources,3064.0,52.7,328.0,-,7158.0,1500
750,Steelcase,3055.5,0.8,80.7,-35.2,1859.2,12500
751,Sinclair Broadcast Group,3055.1,11.7,341.2,-40.8,6572.1,9000
752,Vertex Pharmaceuticals,3047.6,22.5,2096.9,695.8,6245.9,2500
753,Digital Realty Trust,3046.5,23.9,331.2,33.4,23766.7,1530
754,Andersons,3045.4,-17.4,41.5,-2.4,2392.0,1830
755,Mutual of America Life Insurance,3043.5,-3.8,16.0,-38.9,20386.6,1163
756,Twitter,3042.4,24.5,1205.6,-,10162.6,3920
757,H.B. Fuller,3041.0,31.9,171.2,194.0,4175.3,6479
758,E*Trade Financial,3036.0,23.8,1052.0,71.3,65003.0,4035
759,Vishay Intertechnology,3034.7,16.6,345.8,-,3106.2,24100
760,Zions Bancorp.,3033.0,10.9,884.0,49.3,68746.0,10201
761,Cracker Barrel Old Country Store,3030.4,3.6,247.6,22.6,1527.4,73000
762,Lincoln Electric Holdings,3028.7,15.4,287.1,16.0,2349.8,11000
763,Acadia Healthcare,3012.4,4.7,-175.8,-187.9,6172.5,35350
764,Pool,2998.1,7.5,234.5,22.3,1240.9,4000
765,Triple-S Management,2996.1,2.7,-63.3,-216.2,2760.2,3753
766,Visteon,2984.0,-5.1,164.0,-6.8,2007.0,10000
767,Citrix Systems,2973.9,3.2,575.7,-,5136.0,8200
768,Qorvo,2973.5,-1.9,-40.3,-,6381.5,8300
769,AMC Networks,2971.9,5.9,446.2,-5.3,5278.6,2724
770,Kirby,2970.7,34.2,78.5,-75.0,5871.6,5650
771,Marriott Vacations Worldwide,2968.0,52.1,55.0,-75.7,9018.0,23000
772,Hain Celestial Group,2967.2,4.0,9.7,-85.6,2946.7,7685
773,Tetra Tech,2964.1,7.7,136.9,16.1,1959.4,17000
774,Primoris Services,2939.5,23.5,77.5,7.1,1594.1,10600
775,Mettler-Toledo International,2935.6,7.7,512.6,36.3,2618.8,15100
776,Red Hat,2920.5,21.1,258.8,2.0,5466.5,11870
777,Varian Medical Systems,2919.1,2.0,149.9,-39.9,3252.7,7174
778,Gannett,2916.8,-7.3,15.0,118.4,2478.4,16980
779,New Jersey Resources,2915.1,28.5,233.4,76.8,4143.7,1068
780,Genesis Energy,2912.8,43.6,-6.1,-107.4,6479.1,2100
781,Genesco,2911.7,0.2,-51.9,-,1181.1,13388
782,Teledyne Technologies,2901.8,11.4,333.8,46.9,3809.3,10850
783,Southwest Gas Holdings,2880.0,13.0,182.3,-6.0,7357.7,8632
784,Plexus,2873.5,13.7,13.0,-88.4,1932.6,18000
785,PRA Health Sciences,2871.9,27.1,153.9,77.1,3186.5,16400
786,BlueLinx Holdings,2862.9,57.7,-48.1,-176.3,959.9,2400
787,Hawaiian Electric Industries,2860.8,11.9,201.8,22.1,13104.1,3898
788,Presidio,2858.0,1.4,134.2,2950.0,2694.3,2900
789,Avaya Holdings,2851.0,-12.9,-,-,7679.0,8100
790,Hill-Rom Holdings,2848.0,3.8,252.4,88.9,4360.0,10000
791,TTM Technologies,2847.3,7.1,173.6,39.7,3457.5,27000
792,Hawaiian Holdings,2837.4,5.3,233.2,-35.9,3196.6,7244
793,Caleres,2834.8,1.8,-5.4,-106.2,1838.6,12000
794,Louisiana-Pacific,2828.0,3.4,394.6,1.2,2514.1,4900
795,Magellan Midstream Partners,2826.6,12.7,1333.9,53.4,7747.5,1868
796,Unisys,2825.0,3.0,75.5,-,2457.6,21700
797,Workday,2822.2,31.7,-418.3,-,5520.7,10500
798,Cooper Tire & Rubber,2808.1,-1.6,76.6,-19.7,2634.2,9027
799,Prologis,2804.4,7.1,1649.4,-0.2,38417.7,1617
800,Columbia Sportswear,2802.3,13.6,268.3,155.2,2368.7,6511
801,Univision Communications,2792.3,-7.4,4.8,-99.3,9172.1,4500
802,PerkinElmer,2778.0,20.7,237.9,-18.7,5975.5,12500
803,Cboe Global Markets,2768.8,24.2,426.5,6.2,5321.0,842
804,Nexstar Media Group,2766.7,13.8,389.5,-18.0,7062.0,8604
805,AptarGroup,2764.8,12.0,194.7,-11.5,3377.7,14100
806,Valmont Industries,2757.1,0.4,94.4,-18.8,2530.3,10328
807,Public Storage,2754.3,3.2,1711.0,18.6,10928.3,5600
808,ITT,2745.1,6.2,333.7,194.0,3846.8,10000
809,Park Hotels & Resorts,2737.0,-1.9,472.0,-82.0,9363.0,517
810,Donaldson,2734.2,15.3,180.3,-22.6,1976.6,14000
811,Tempur Sealy International,2734.0,-0.7,100.5,-33.6,2715.4,6200
812,Middleby,2722.9,16.6,317.2,6.4,4549.8,9346
813,Boston Properties,2717.1,4.4,582.8,26.0,20256.5,760
814,SVB Financial Group,2714.9,34.2,973.8,98.5,56928.0,2900
815,Akamai Technologies,2714.5,8.4,298.4,36.7,5461.8,7519
816,Kansas City Southern,2714.0,5.1,627.4,-34.8,9469.8,7200
817,Allison Transmission Holdings,2713.0,19.9,639.0,26.8,4237.0,2900
818,Moog,2709.5,8.5,96.5,-31.7,2964.0,11787
819,MPM Holdings,2705.0,16.0,69.0,-,2830.0,5200
820,PC Connection,2699.5,-7.3,64.6,17.7,805.4,2513
821,Graham Holdings,2696.0,4.0,271.2,-10.2,4764.0,14347
822,Gardner Denver,2689.8,13.2,269.4,1364.1,4487.1,6700
823,Amica Mutual Insurance,2689.1,3.8,147.1,53.1,6428.5,3781
824,Verso,2682.0,9.0,171.0,-,1699.0,4400
825,Nu Skin Enterprises,2679.0,17.5,121.9,-5.8,1694.4,44900
826,Atlas Air Worldwide Holdings,2677.7,24.2,270.6,21.1,5534.8,3275
827,Popular,2674.3,24.7,618.2,474.1,47604.6,8474
828,Colony Capital,2666.5,-6.2,-519.6,-,22215.2,400
829,Scotts Miracle-Gro,2663.4,-9.3,63.7,-70.8,3054.5,5150
830,Rent-A-Center,2660.5,-1.6,8.5,27.6,1396.9,14000
831,GoDaddy,2660.1,19.2,77.1,-43.5,6083.4,6821
832,Newfield Exploration,2643.0,49.6,817.0,91.3,5818.0,1010
833,Groupon,2636.7,-7.8,-11.1,-178.9,1642.1,6576
834,Boyd Gaming,2626.7,10.2,115.0,-39.2,5756.3,23477
835,Toro,2618.7,4.5,271.9,1.6,1571.0,6715
836,Guess,2609.7,10.4,14.1,-,1649.2,15700
837,ServiceNow,2608.8,35.0,-26.7,-,3879.1,8154
838,Zayo Group Holdings,2604.0,18.4,101.9,18.9,9216.8,3774
839,Selective Insurance Group,2586.1,4.7,178.9,6.0,7952.7,2290
840,Belden,2585.4,8.2,160.9,72.6,3779.3,9000
841,EnerSys,2581.9,9.1,119.6,-25.4,2486.9,9600
842,Equity Residential,2578.4,4.3,657.5,9.0,20394.2,2700
843,Murphy Oil,2570.6,15.5,411.1,-,11052.6,1108
844,Autodesk,2569.8,25.0,-80.8,-,4729.2,9600
845,Benchmark Electronics,2566.5,4.0,22.8,-,1899.8,10500
846,Revlon,2564.5,-4.8,-294.2,-,3016.8,7300
847,Fossil Group,2541.5,-8.8,-3.5,-,1575.2,10800
848,Xilinx,2539.0,8.1,512.4,-17.7,5055.7,4014
849,Euronet Worldwide,2536.6,12.6,232.9,48.5,3321.2,7100
850,Cooper Cos.,2532.8,18.4,139.9,-62.5,6112.8,12000
851,Greenbrier Cos.,2519.5,16.1,151.8,30.8,2465.5,13400
852,GMS,2511.5,8.3,63.0,28.8,1454.5,4642
853,Meredith,2509.4,46.5,99.4,-47.4,6727.2,7708
854,Trinity Industries,2509.1,-31.5,159.3,-77.3,7989.2,11515
855,Mueller Industries,2507.9,10.7,104.5,22.0,1369.5,5134
856,RH,2505.7,2.7,150.6,6810.0,1806.0,4800
857,SemGroup,2503.3,20.2,-26.7,-,5210.3,880
858,TrueBlue,2499.2,-0.4,65.8,18.6,1114.8,6700
859,Helmerich & Payne,2487.3,37.8,482.7,-,6214.9,9771
860,J.Crew Group,2484.0,4.8,-120.1,-,1221.7,9400
861,Cypress Semiconductor,2483.8,6.7,354.6,-,3693.2,5846
862,IDEX,2483.7,8.6,410.6,21.7,3473.9,7352
863,Maxim Integrated Products,2480.1,8.0,467.3,-18.2,4451.6,7149
864,LCI Industries,2475.8,15.3,148.6,11.8,1243.9,10260
865,Catalent,2463.4,18.7,83.6,-23.9,4531.1,10700
866,Cleveland-Cliffs,2461.5,5.6,1128.1,207.4,3529.6,2926
867,Werner Enterprises,2457.9,16.1,168.1,-17.1,2083.5,12852
868,Texas Roadhouse,2457.4,10.7,158.2,20.3,1469.3,33955
869,Arch Coal,2451.8,5.5,312.6,31.1,1887.1,3822
870,Teleflex,2448.4,14.1,200.8,31.6,6278.0,15200
871,Echo Global Logistics,2439.7,25.6,28.7,127.5,878.3,2595
872,FleetCor Technologies,2433.5,8.2,811.5,9.6,11202.5,7580
873,Party City Holdco,2427.5,2.4,123.3,-42.8,3642.3,15100
874,Carlyle Group,2427.2,-34.0,116.5,-52.3,12914.2,1650
875,Waters,2419.9,4.8,593.8,2823.5,3727.4,7246
876,Curtiss-Wright,2411.8,6.2,275.7,28.3,3255.4,9000
877,Verisk Analytics,2395.1,11.6,598.7,7.9,5900.3,8068
878,Maximus,2392.2,-2.4,220.8,5.4,1462.0,18600
879,Renewable Energy Group,2388.8,10.7,292.3,-,1107.1,850
880,Ohio National Mutual,2388.7,25.3,72.6,180.0,39178.7,1300
881,WPX Energy,2385.0,78.5,151.0,-,8203.0,600
882,TopBuild,2384.2,25.1,134.8,-14.8,2454.5,10300
883,REV Group,2381.3,5.0,13.0,-58.6,1408.1,7600
884,Herman Miller,2381.2,4.5,128.1,3.4,1479.5,7681
885,Affiliated Managers Group,2378.4,3.2,243.6,-64.7,8219.1,4450
886,Itron,2376.1,17.7,-99.3,-273.2,2609.0,7350
887,Kennametal,2367.9,15.0,200.2,307.4,2925.7,10491
888,Interactive Brokers Group,2366.0,22.8,169.0,122.4,60547.0,1413
889,Schnitzer Steel Industries,2364.7,40.1,156.5,251.5,1104.8,3575
890,BrightView Holdings,2353.6,5.7,-15.1,-,2891.9,19700
891,GNC Holdings,2353.5,-4.1,69.8,-,1527.9,10700
892,Genesee & Wyoming,2348.6,6.4,244.4,-55.5,7868.5,8000
893,WGL Holdings,2341.8,-0.6,49.3,-74.4,7248.1,1648
894,ResMed,2340.2,13.2,315.6,-7.8,3063.9,5940
895,Cimarex Energy,2339.0,21.9,791.9,60.2,6062.1,955
896,Cheesecake Factory,2332.3,3.2,99.0,-37.1,1314.1,38700
897,GEO Group,2331.4,3.0,145.1,-0.8,4247.5,22000
898,Woodward,2325.9,10.8,180.4,-10.0,3790.6,8277
899,Oasis Petroleum,2321.9,86.0,-35.3,-128.5,7626.1,727
900,Knights of Columbus,2319.2,1.3,80.7,-25.4,25428.1,815
901,TransUnion,2317.2,19.8,276.6,-37.3,7039.8,7100
902,Foundation Building Materials,2314.1,12.3,-12.2,-114.8,1316.7,3400
903,Vista Outdoor,2308.5,-9.4,-60.2,-,2614.8,5700
904,Hospitality Properties Trust,2294.5,5.6,185.7,-13.7,7177.1,600
905,NewMarket,2289.7,4.2,234.7,23.2,1697.3,2089
906,Bio-Rad Laboratories,2289.4,6.0,365.6,199.1,5611.1,8260
907,M/I Homes,2286.3,16.5,107.7,49.4,2021.6,1359
908,Valvoline,2285.0,9.6,166.0,-45.4,1854.0,6700
909,AvalonBay Communities,2284.5,5.8,974.5,11.1,18380.2,3087
910,Annaly Capital Management,2279.5,-18.8,54.4,-96.5,105787.5,170
911,CDK Global,2273.2,2.4,380.8,28.8,3008.4,8500
912,Palo Alto Networks,2273.1,29.0,-147.9,-,5823.0,5348
913,OGE Energy,2270.3,0.4,425.5,-31.3,10748.6,2292
914,First Horizon National Corp.,2268.8,53.3,545.0,229.3,40832.3,5576
915,Wabash National,2267.3,28.3,69.4,-37.7,1304.4,7100
916,Charles River Laboratories International,2266.1,22.0,226.4,83.5,3855.9,14700
917,Patrick Industries,2263.1,38.4,119.8,39.8,1231.2,8113
918,HNI,2257.9,3.8,93.4,4.0,1401.8,8800
919,Nordson,2254.7,9.1,377.4,27.6,3421.0,7536
920,First Solar,2244.0,-23.7,144.3,-,7121.4,6400
921,Wolverine World Wide,2239.2,-4.7,200.1,66600.0,2183.1,3700
922,New Residential Investment,2237.6,4.0,964.0,0.7,31691.0,2359
923,Edgewell Personal Care,2234.4,-2.8,103.3,1712.3,3953.3,5900
924,Matson,2222.8,8.6,109.0,-53.0,2430.4,2007
925,Tower International,2222.1,7.6,48.8,2.6,1170.4,5700
926,C&J Energy Services,2222.1,35.6,-130.0,-678.9,1424.5,6399
927,Roadrunner Transportation Systems,2216.1,6.0,-165.6,-,853.5,4600
928,Central Garden & Pet,2215.4,7.8,123.6,56.8,1907.2,5150
929,IDEXX Laboratories,2213.2,12.4,377.0,43.3,1537.3,8377
930,TEGNA,2207.3,-13.4,405.7,48.2,5276.8,5336
931,Barnes & Noble Education,2203.6,17.6,-252.6,-4811.2,1039.2,14500
932,Hexcel,2189.1,10.9,276.6,-2.6,2824.1,6626
933,Cabot Oil & Gas,2188.1,24.0,557.0,454.9,4198.8,483
934,Comfort Systems USA,2182.9,22.1,112.9,104.3,1062.6,9900
935,Diamondback Energy,2176.3,80.6,845.7,75.4,21595.7,711
936,Vornado Realty Trust,2164.8,-7.7,450.0,97.9,17180.8,3928
937,Teradata,2164.0,0.4,30.0,-,2360.0,10152
938,PCM,2164.0,-1.3,22.8,636.8,721.0,3997
939,F5 Networks,2161.4,3.4,453.7,7.8,2605.5,4409
940,Carpenter Technology,2157.7,20.0,188.5,301.1,3007.0,4800
941,Lyft,2156.6,103.5,-911.3,-,3760.0,4791
942,Liberty Oilfield Services,2155.1,44.7,126.4,-25.0,1116.5,2437
943,Arista Networks,2151.4,30.7,328.1,-22.5,3082.0,2300
944,Delta Tucker Holdings,2148.3,7.2,84.5,176.1,718.3,7500
945,Century Communities,2147.4,50.8,96.5,91.8,2254.3,1389
946,Griffon,2144.2,8.0,125.7,742.8,2084.9,7200
947,Maxar Technologies,2141.0,31.3,-1264.0,-2279.3,5001.0,6100
948,Cadence Design Systems,2138.0,10.0,345.8,69.4,2468.7,7499
949,Keane Group,2137.0,38.6,59.3,-,1054.6,2833
950,AMN Healthcare Services,2136.1,7.4,141.7,6.9,1492.7,2920
951,Rayonier Advanced Materials,2134.4,122.0,128.4,-60.5,2679.1,4200
952,Chico's FAS,2131.1,-6.6,35.6,-64.7,1007.0,11751
953,Superior Energy Services,2130.3,13.7,-858.1,-,2216.0,6600
954,Express,2116.3,-1.0,9.6,-50.3,1086.6,10520
955,SiteOne Landscape Supply,2112.3,13.5,73.9,35.3,1168.5,4137
956,Beazer Homes USA,2107.8,10.0,-45.4,-242.6,2128.1,1280
957,Allscripts Healthcare Solutions,2105.0,15.8,363.7,-,3181.5,9500
958,Modine Manufacturing,2103.1,39.9,22.2,56.3,1573.4,11700
959,Summit Materials,2101.0,8.7,33.9,-72.2,3857.6,6000
960,Teradyne,2100.8,-1.7,451.8,75.3,2706.6,4900
961,EchoStar,2091.4,2.6,-40.5,-110.3,8661.3,2200
962,SPX FLOW,2090.1,7.1,44.0,-5.2,2551.8,7000
963,William Lyon Homes,2087.2,16.2,91.6,90.3,2929.8,870
964,Evercore,2082.5,20.8,377.2,200.7,2125.7,1700
965,Whiting Petroleum,2081.4,40.5,342.5,-,7759.6,755
966,MKS Instruments,2075.1,8.3,392.9,15.9,2614.2,4851
967,Ferrellgas Partners,2073.1,7.4,-254.6,-,1363.3,4037
968,Tupperware Brands,2069.7,-8.2,155.9,-,1308.8,12000
969,SM Energy,2067.1,83.0,508.4,-,6352.9,611
970,Rexnord,2066.0,7.7,75.9,2.4,3423.7,8300
971,Eldorado Resorts,2056.0,39.5,95.2,28.8,5911.5,18700
972,Nuance Communications,2051.7,5.8,-159.9,-,5302.4,10400
973,Newmark Group,2047.6,28.3,106.7,-26.1,3454.2,5200
974,Ensign Group,2040.7,10.3,92.4,128.2,1182.0,23463
975,Esterline Technologies,2034.8,1.5,69.5,-37.7,3036.9,12609
976,Universal,2033.9,-1.8,105.7,-0.6,2168.6,24000
977,Contura Energy,2032.5,1.8,299.2,93.6,2746.1,4420
978,FTI Consulting,2027.9,12.2,150.6,39.5,2379.1,4768
979,Generac Holdings,2023.5,21.0,238.3,49.5,2426.3,5355
980,Winnebago Industries,2016.8,30.4,102.4,43.5,1051.8,4700
981,Brown & Brown,2014.2,7.1,344.3,-13.9,6688.7,9590
982,Kraton,2011.7,2.6,67.0,-31.3,2894.7,1918
983,Vail Resorts,2011.6,5.5,379.9,80.4,4065.0,20150
984,Tribune Media,2009.7,7.6,412.6,112.5,8251.4,5800
985,Healthcare Services Group,2008.8,7.6,83.5,-5.3,692.6,55000
986,Alliance Resource Partners,2002.9,11.5,366.6,20.7,2394.7,3599
987,NCI Building Systems,2000.6,13.0,63.1,15.3,1110.4,5300
988,Hilton Grand Vacations,1999.0,-,298.0,-,2753.0,8600
989,Deluxe,1998.0,1.7,149.6,-35.0,2305.1,6701
990,Stepan,1993.9,3.6,112.8,23.1,1484.7,2250
991,Hovnanian Enterprises,1991.2,-18.8,4.5,-,1662.0,1851
992,Portland General Electric,1991.0,-0.9,212.0,13.4,8110.0,2967
993,HC2 Holdings,1976.7,21.0,162.0,-,6503.8,4119
993,Herc Holdings,1976.7,12.7,69.1,-56.9,3610.2,4900
995,Align Technology,1966.5,33.5,400.2,72.9,2052.5,11660
996,Spire,1965.0,12.9,214.2,32.5,6843.6,3366
997,Shutterfly,1961.8,64.8,50.4,67.5,2302.2,7094
998,NuStar Energy,1961.8,8.1,205.8,39.1,6349.1,1517
999,ManTech International,1958.6,14.1,82.1,-28.1,1803.9,7800
1000,Carvana,1955.5,127.7,-61.8,-,991.0,3879
